class_name,num_gt,num_pred,num_pred_total,pr_auc,best_threshold_by_f1,best_f1,best_precision,best_recall
airbubble,18,11,30,0.6187367091972356,0.501713216304779,0.6896551724137931,0.9090909090909091,0.5555555555555556
blackspot,59,45,135,0.751086464693649,0.5905699729919434,0.7115384615384616,0.8222222222222222,0.6271186440677966
color-distribution,28,24,72,0.7834793876427437,0.5967057943344116,0.7692307692307692,0.8333333333333334,0.7142857142857143
dust,96,42,193,0.3798834291904705,0.6390328407287598,0.463768115942029,0.7619047619047619,0.3333333333333333
gasbubble,11,8,28,0.4022727272727272,0.9535006880760193,0.5263157894736842,0.625,0.45454545454545453
pockmark,72,76,427,0.20700233364315768,0.3576052486896515,0.35135135135135137,0.34210526315789475,0.3611111111111111
scratch,76,75,146,0.3753616873087376,0.29030776023864746,0.5033112582781457,0.5066666666666667,0.5
