class_name,num_gt,num_pred,num_pred_total,pr_auc,best_threshold_by_f1,best_f1,best_precision,best_recall
airbubble,18,13,56,0.6032763532763533,0.7760906219482422,0.7096774193548387,0.8461538461538461,0.6111111111111112
blackspot,59,73,144,0.7348548010628526,0.38918548822402954,0.712121212121212,0.6438356164383562,0.7966101694915254
color-distribution,28,22,115,0.7625380262969933,0.8305920958518982,0.8,0.9090909090909091,0.7142857142857143
dust,96,86,204,0.3845291205516055,0.3224795460700989,0.4615384615384615,0.4883720930232558,0.4375
gasbubble,11,9,39,0.25829725829725825,0.9914870262145996,0.5,0.5555555555555556,0.45454545454545453
pockmark,72,127,349,0.2734303644386349,0.27005258202552795,0.41206030150753764,0.3228346456692913,0.5694444444444444
scratch,76,53,241,0.45832479841531043,0.76523756980896,0.5426356589147286,0.660377358490566,0.4605263157894737
