class_name,num_gt,num_pred,num_pred_total,pr_auc,best_threshold_by_f1,best_f1,best_precision,best_recall
airbubble,18,12,37,0.6064814814814815,0.629158079624176,0.7333333333333334,0.9166666666666666,0.6111111111111112
blackspot,59,45,124,0.7312597844411167,0.5807033181190491,0.7115384615384616,0.8222222222222222,0.6271186440677966
color-distribution,28,28,91,0.7174853700944404,0.5707656741142273,0.7142857142857143,0.7142857142857143,0.7142857142857143
dust,96,80,195,0.324396779197436,0.31383568048477173,0.43181818181818177,0.475,0.3958333333333333
gasbubble,11,6,31,0.4090909090909091,0.9626104235649109,0.5882352941176471,0.8333333333333334,0.45454545454545453
pockmark,72,100,385,0.19111277665440962,0.3070240318775177,0.3023255813953488,0.26,0.3611111111111111
scratch,76,91,170,0.4009704316909358,0.2461167424917221,0.5029940119760479,0.46153846153846156,0.5526315789473685
